gene,aa.start,aa.end,bp.start,bp.end,pdb,unitprot,domain
nadR,7,62,19,186,,NADR_ECOLI,Helix-turn-helix
nadR,63,229,187,687,,NADR_ECOLI,Nicotinamide mononucleotide adenylyltransferase
nadR,230,410,688,1230,,NADR_ECOLI,Ribosylnicotinamide kinase
pykF,1,70,1,210,4YNG ,KPYK1_ECOLI,domain A
pykF,171,345,511,1035,4YNG ,KPYK1_ECOLI,domain A
pykF,71,170,211,510,4YNG ,KPYK1_ECOLI,domain B
pykF,352,470,1054,1410,4YNG ,KPYK1_ECOLI,domain C
topA,1,35,1,105,"1MW8, 4RUL",TOP1_ECOLI,D1
topA,36,82,106,246,"1MW8, 4RUL",TOP1_ECOLI,D4
topA,83,157,247,471,"1MW8, 4RUL",TOP1_ECOLI,D1
topA,158,213,472,639,"1MW8, 4RUL",TOP1_ECOLI,D4
topA,214,281,640,843,"1MW8, 4RUL",TOP1_ECOLI,D2
topA,282,405,844,1215,"1MW8, 4RUL",TOP1_ECOLI,D3
topA,406,471,1216,1413,"1MW8, 4RUL",TOP1_ECOLI,D2
topA,472,589,1414,1767,"1MW8, 4RUL",TOP1_ECOLI,D4
topA,590,NA,1768,NA,"1MW8, 4RUL",TOP1_ECOLI,D5
topA,NA,700,NA,2100,"1MW8, 4RUL",TOP1_ECOLI,D6
topA,701,750,2101,2250,"1MW8, 4RUL",TOP1_ECOLI,D7
topA,751,NA,2251,NA,"1MW8, 4RUL",TOP1_ECOLI,D8
topA,NA,865,NA,2595,"1MW8, 4RUL",TOP1_ECOLI,D9